Year,Zone,Vaccine,# Immunized,# Eligible,% Coverage,95% CI,Year_Start,Gap_From_Target,Gap_Percentage_Points,Meets_Target,# Unvaccinated
2017-18,WESTERN,HBV,1310,1583,0.8275426405559,80.9-84.6,2017,0.12245735944409997,12.245735944409997,False,273
2017-18,NORTHERN,HBV,1203,1409,0.8537970191625,83.5-87.2,2017,0.09620298083750001,9.62029808375,False,206
2017-18,EASTERN,HBV,1058,1290,0.8201550387597,79.9-84.1,2017,0.12984496124029998,12.984496124029999,False,232
2017-18,CENTRAL,HBV,3135,3594,0.8722871452421,86.1-88.3,2017,0.07771285475789991,7.771285475789991,False,459
2017-18,NOVA SCOTIA,HBV,6722,7955,0.8450031426776,83.7-85.3,2017,0.10499685732239994,10.499685732239994,False,1233
2017-18,WESTERN,HPV,1305,1583,0.8243840808591,80.6-84.3,2017,0.12561591914089998,12.561591914089998,False,278
2017-18,NORTHERN,HPV,1189,1409,0.8438608942512,82.5-86.3,2017,0.10613910574879992,10.613910574879991,False,220
2017-18,EASTERN,HPV,1074,1290,0.8325581395349001,81.2-85.3,2017,0.11744186046509986,11.744186046509986,False,216
2017-18,CENTRAL,HPV,3175,3594,0.8834168057874,87.3-89.4,2017,0.06658319421259995,6.6583194212599945,False,419
2017-18,NOVA SCOTIA,HPV,6757,7955,0.8494028912634001,84.1-85.7,2017,0.10059710873659988,10.059710873659988,False,1198
2017-18,WESTERN,MEN-C-ACYW-135,1457,1583,0.9204042956412001,90.7-93.4,2017,0.02959570435879988,2.959570435879988,False,126
2017-18,NORTHERN,MEN-C-ACYW-135,1300,1409,0.9226401703336,90.9-93.7,2017,0.027359829666399937,2.7359829666399937,False,109
2017-18,EASTERN,MEN-C-ACYW-135,1154,1290,0.8945736434109,87.8-91.3,2017,0.0554263565891,5.54263565891,False,136
2017-18,CENTRAL,MEN-C-ACYW-135,3455,3594,0.9613244296048999,95.5-96.7,2017,-0.011324429604899988,-1.1324429604899988,True,139
2017-18,NOVA SCOTIA,MEN-C-ACYW-135,7385,7955,0.9283469516028,92.3-93.4,2017,0.021653048397199948,2.1653048397199948,False,570
2017-18,WESTERN,TDAP,1414,1583,0.8932406822489,87.8-90.8,2017,0.05675931775109999,5.67593177511,False,169
2017-18,NORTHERN,TDAP,1288,1409,0.9141234918382,89.9-92.9,2017,0.03587650816179999,3.587650816179999,False,121
2017-18,EASTERN,TDAP,1144,1290,0.8868217054263999,86.9-90.4,2017,0.06317829457360002,6.317829457360002,False,146
2017-18,CENTRAL,TDAP,3371,3594,0.9379521424597,93.0-94.6,2017,0.012047857540299911,1.204785754029991,False,223
2017-18,NOVA SCOTIA,TDAP,7238,7955,0.9098680075423999,90.4-91.6,2017,0.04013199245760002,4.013199245760002,False,717
2018-19,WESTERN,HBV,1638,1949,0.8404309902514,82.4-85.7,2018,0.10956900974859995,10.956900974859995,False,311
2018-19,NORTHERN,HBV,1279,1496,0.8549465240642,83.7-87.3,2018,0.09505347593579994,9.505347593579994,False,217
2018-19,EASTERN,HBV,1269,1504,0.84375,82.5-86.2,2018,0.10624999999999996,10.624999999999996,False,235
2018-19,CENTRAL,HBV,3415,4000,0.85375,84.3-86.4,2018,0.09624999999999995,9.624999999999995,False,585
2018-19,NOVA SCOTIA,HBV,7628,9052,0.8426866990720001,83.5-85.0,2018,0.10731330092799984,10.731330092799984,False,1424
2018-19,WESTERN,HPV,1614,1949,0.8281169830682,81.1-84.5,2018,0.12188301693179993,12.188301693179993,False,335
2018-19,NORTHERN,HPV,1285,1496,0.8589572192513001,84.1-87.7,2018,0.09104278074869987,9.104278074869987,False,211
2018-19,EASTERN,HPV,1273,1504,0.8464095744681001,82.8-86.5,2018,0.1035904255318999,10.35904255318999,False,231
2018-19,CENTRAL,HPV,3492,4000,0.873,86.3-88.3,2018,0.07699999999999996,7.699999999999996,False,508
2018-19,NOVA SCOTIA,HPV,7689,9052,0.8494255413167999,84.2-85.7,2018,0.10057445868320003,10.057445868320002,False,1363
2018-19,WESTERN,MEN-C-ACYW-135,1784,1949,0.9153412006156999,90.3-92.8,2018,0.034658799384300054,3.4658799384300054,False,165
2018-19,NORTHERN,MEN-C-ACYW-135,1386,1496,0.9264705882353,91.3-94.0,2018,0.023529411764699915,2.3529411764699915,False,110
2018-19,EASTERN,MEN-C-ACYW-135,1353,1504,0.8996010638298,88.4-91.5,2018,0.05039893617019997,5.039893617019997,False,151
2018-19,CENTRAL,MEN-C-ACYW-135,3756,4000,0.9390000000000001,93.2-94.6,2018,0.010999999999999899,1.0999999999999899,False,244
2018-19,NOVA SCOTIA,MEN-C-ACYW-135,8314,9052,0.9184710561202,91.3-92.4,2018,0.03152894387979999,3.1528943879799987,False,738
2018-19,WESTERN,TDAP,1727,1949,0.8860954335557,87.2-90.0,2018,0.06390456644429998,6.390456644429998,False,222
2018-19,NORTHERN,TDAP,1359,1496,0.908422459893,89.4-92.3,2018,0.04157754010699999,4.157754010699999,False,137
2018-19,EASTERN,TDAP,1334,1504,0.8869680851064,87.1-90.3,2018,0.06303191489359994,6.303191489359994,False,170
2018-19,CENTRAL,TDAP,3641,4000,0.91025,90.1-91.9,2018,0.03974999999999995,3.974999999999995,False,359
2018-19,NOVA SCOTIA,TDAP,8095,9052,0.8942775077331,88.8-90.1,2018,0.05572249226689996,5.572249226689996,False,957
2016-17,WESTERN,TDAP,1617,1778,0.909,89.5-92.2,2016,0.040999999999999925,4.0999999999999925,False,161
2016-17,WESTERN,MEN-C-ACYW-135,1684,1778,0.9470000000000001,93.6-95.7,2016,0.0029999999999998916,0.29999999999998916,False,94
2016-17,WESTERN,HBV - Dose 1,1571,1778,0.884,86.8-89.8,2016,0.06599999999999995,6.599999999999994,False,207
2016-17,WESTERN,HBV - Dose 2,1333,1778,0.75,72.9-76.9,2016,0.19999999999999996,19.999999999999996,False,445
2016-17,WESTERN,HPV - Dose 1,1559,1778,0.877,86.1-89.1,2016,0.07299999999999995,7.299999999999995,False,219
2016-17,WESTERN,HPV - Dose 2,1385,1778,0.779,75.9-79.8,2016,0.17099999999999993,17.099999999999994,False,393
2016-17,NORTHERN,TDAP,1389,1424,0.975,96.6-98.2,2016,-0.025000000000000022,-2.500000000000002,True,35
2016-17,NORTHERN,MEN-C-ACYW-135,1424,1424,1.0,99.7-100.0,2016,-0.050000000000000044,-5.000000000000004,True,0
2016-17,NORTHERN,HBV - Dose 1,1367,1424,0.96,94.8-96.9,2016,-0.010000000000000009,-1.0000000000000009,True,57
2016-17,NORTHERN,HBV - Dose 2,1206,1424,0.847,82.7-86.5,2016,0.10299999999999998,10.299999999999997,False,218
2016-17,NORTHERN,HPV - Dose 1,1357,1424,0.953,94.1-96.3,2016,-0.0030000000000000027,-0.30000000000000027,True,67
2016-17,NORTHERN,HPV - Dose 2,1227,1424,0.862,84.3-87.9,2016,0.08799999999999997,8.799999999999997,False,197
2016-17,EASTERN,TDAP,1366,1611,0.848,83.0-86.5,2016,0.10199999999999998,10.199999999999998,False,245
2016-17,EASTERN,MEN-C-ACYW-135,1433,1611,0.89,87.3-90.4,2016,0.05999999999999994,5.999999999999995,False,178
2016-17,EASTERN,HBV - Dose 1,1362,1611,0.845,82.7-86.2,2016,0.10499999999999998,10.499999999999998,False,249
2016-17,EASTERN,HBV - Dose 2,1205,1611,0.748,72.6-76.9,2016,0.20199999999999996,20.199999999999996,False,406
2016-17,EASTERN,HPV - Dose 1,1371,1611,0.851,83.3-86.8,2016,0.09899999999999998,9.899999999999999,False,240
2016-17,EASTERN,HPV - Dose 2,1243,1611,0.772,75.0-79.1,2016,0.17799999999999994,17.799999999999994,False,368
2016-17,CENTRAL,TDAP,4071,4284,0.95,94.3-95.6,2016,0.0,0.0,True,213
2016-17,CENTRAL,MEN-C-ACYW-135,3991,4284,0.932,92.4-93.9,2016,0.017999999999999905,1.7999999999999905,False,293
2016-17,CENTRAL,HBV - Dose 1,3656,4284,0.853,84.2-86.4,2016,0.09699999999999998,9.699999999999998,False,628
2016-17,CENTRAL,HBV - Dose 2,2959,4284,0.691,67.7-70.4,2016,0.259,25.900000000000002,False,1325
2016-17,CENTRAL,HPV - Dose 1,3865,4284,0.902,89.3-91.1,2016,0.04799999999999993,4.799999999999994,False,419
2016-17,CENTRAL,HPV - Dose 2,3329,4284,0.777,76.4-78.9,2016,0.17299999999999993,17.299999999999994,False,955
2016-17,NOVA SCOTIA,TDAP,8443,9097,0.9279999999999999,92.3-93.3,2016,0.02200000000000002,2.200000000000002,False,654
2016-17,NOVA SCOTIA,MEN-C-ACYW-135,8541,9097,0.9390000000000001,93.4-94.4,2016,0.010999999999999899,1.0999999999999899,False,556
2016-17,NOVA SCOTIA,HBV - Dose 1,7956,9097,0.875,86.8-88.1,2016,0.07499999999999996,7.499999999999996,False,1141
2016-17,NOVA SCOTIA,HBV - Dose 2,6703,9097,0.737,72.8-74.6,2016,0.21299999999999997,21.299999999999997,False,2394
2016-17,NOVA SCOTIA,HPV - Dose 1,8152,9097,0.8959999999999999,89.0-90.2,2016,0.05400000000000005,5.400000000000005,False,945
2016-17,NOVA SCOTIA,HPV - Dose 2,7184,9097,0.79,78.1-79.8,2016,0.15999999999999992,15.999999999999993,False,1913
2015-16,WESTERN,TDAP,1938,2107,0.92,90.8-93.1,2015,0.029999999999999916,2.9999999999999916,False,169
2015-16,WESTERN,MEN-C-ACYW-135,1956,2107,0.9279999999999999,91.7-93.9,2015,0.02200000000000002,2.200000000000002,False,151
2015-16,WESTERN,HBV - Dose 1,1796,2107,0.852,83.7-86.7,2015,0.09799999999999998,9.799999999999997,False,311
2015-16,WESTERN,HBV - Dose 2,1584,2107,0.752,73.3-77.0,2015,0.19799999999999995,19.799999999999997,False,523
2015-16,WESTERN,HPV - Dose 1,1799,2107,0.8540000000000001,83.8-86.8,2015,0.09599999999999986,9.599999999999987,False,308
2015-16,WESTERN,HPV - Dose 2,1629,2107,0.773,75.5-79.1,2015,0.17699999999999994,17.699999999999992,False,478
2015-16,NORTHERN,TDAP,1621,1698,0.955,94.4-96.4,2015,-0.0050000000000000044,-0.5000000000000004,True,77
2015-16,NORTHERN,MEN-C-ACYW-135,1647,1698,0.97,96.1-97.7,2015,-0.020000000000000018,-2.0000000000000018,True,51
2015-16,NORTHERN,HBV - Dose 1,1553,1698,0.915,90.1-92.7,2015,0.03499999999999992,3.499999999999992,False,145
2015-16,NORTHERN,HBV - Dose 2,1432,1698,0.843,92.0-94.4,2015,0.10699999999999998,10.7,False,266
2015-16,NORTHERN,HPV - Dose 1,1543,1698,0.909,89.4-92.2,2015,0.040999999999999925,4.0999999999999925,False,155
2015-16,NORTHERN,HPV - Dose 2,1456,1698,0.857,84.0-87.3,2015,0.09299999999999997,9.299999999999997,False,242
2015-16,EASTERN,TDAP,1551,1746,0.888,87.3-90.2,2015,0.061999999999999944,6.199999999999994,False,195
2015-16,EASTERN,MEN-C-ACYW-135,1584,1746,0.907,89.3-92.0,2015,0.04299999999999993,4.299999999999993,False,162
2015-16,EASTERN,HBV - Dose 1,1513,1746,0.867,85.0-88.2,2015,0.08299999999999996,8.299999999999997,False,233
2015-16,EASTERN,HBV - Dose 2,1365,1746,0.782,76.2-80.1,2015,0.16799999999999993,16.799999999999994,False,381
2015-16,EASTERN,HPV - Dose 1,1517,1746,0.8690000000000001,85.2-88.4,2015,0.08099999999999985,8.099999999999985,False,229
2015-16,EASTERN,HPV - Dose 2,1387,1746,0.794,77.5-81.3,2015,0.15599999999999992,15.59999999999999,False,359
2015-16,CENTRAL,TDAP,4487,4702,0.9540000000000001,94.8-96.0,2015,-0.004000000000000115,-0.40000000000001146,True,215
2015-16,CENTRAL,MEN-C-ACYW-135,4497,4702,0.956,95.0-96.2,2015,-0.006000000000000005,-0.6000000000000005,True,205
2015-16,CENTRAL,HBV - Dose 1,4123,4702,0.877,86.7-88.6,2015,0.07299999999999995,7.299999999999995,False,579
2015-16,CENTRAL,HBV - Dose 2,3548,4702,0.755,74.2-76.7,2015,0.19499999999999995,19.499999999999996,False,1154
2015-16,CENTRAL,HPV - Dose 1,4311,4702,0.917,90.9-92.4,2015,0.03299999999999992,3.299999999999992,False,391
2015-16,CENTRAL,HPV - Dose 2,3822,4702,0.813,80.1-82.4,2015,0.137,13.700000000000001,False,880
2015-16,NOVA SCOTIA,TDAP,9597,10253,0.9359999999999999,93.1-94.1,2015,0.014000000000000012,1.4000000000000012,False,656
2015-16,NOVA SCOTIA,MEN-C-ACYW-135,9685,10253,0.945,94.0-94.9,2015,0.0050000000000000044,0.5000000000000004,False,568
2015-16,NOVA SCOTIA,HBV - Dose 1,8987,10253,0.877,87.0-88.3,2015,0.07299999999999995,7.299999999999995,False,1266
2015-16,NOVA SCOTIA,HBV - Dose 2,7929,10253,0.773,76.5-78.1,2015,0.17699999999999994,17.699999999999992,False,2324
2015-16,NOVA SCOTIA,HPV - Dose 1,9170,10253,0.894,88.8-90.0,2015,0.05599999999999994,5.599999999999994,False,1083
2015-16,NOVA SCOTIA,HPV - Dose 2,8294,10253,0.809,80.1-81.6,2015,0.1409999999999999,14.09999999999999,False,1959
2014-15,WESTERN,TDAP,1749,1866,0.937,92.5-94.7,2014,0.0129999999999999,1.29999999999999,False,117
2014-15,WESTERN,MEN-C-C,1730,1866,0.927,91.4-93.8,2014,0.02299999999999991,2.299999999999991,False,136
2014-15,WESTERN,HBV - Dose 1,1621,1866,0.8690000000000001,85.3-88.3,2014,0.08099999999999985,8.099999999999985,False,245
2014-15,WESTERN,HBV - Dose 2,1463,1866,0.784,76.5-80.2,2014,0.16599999999999993,16.599999999999994,False,403
2014-15,WESTERN,HPV - Dose 1,738,891,0.828,80.2-85.2,2014,0.122,12.2,False,153
2014-15,WESTERN,HPV - Dose 2,707,891,0.7929999999999999,76.6-81.9,2014,0.15700000000000003,15.700000000000003,False,184
2014-15,WESTERN,HPV - Dose 3,677,891,0.76,73.1-78.7,2014,0.18999999999999995,18.999999999999993,False,214
2014-15,NORTHERN,TDAP,1420,1487,0.955,94.3-96.4,2014,-0.0050000000000000044,-0.5000000000000004,True,67
2014-15,NORTHERN,MEN-C-C,1426,1487,0.9590000000000001,94.8-96.8,2014,-0.009000000000000119,-0.9000000000000119,True,61
2014-15,NORTHERN,HBV - Dose 1,1322,1487,0.889,87.2-90.4,2014,0.06099999999999994,6.099999999999994,False,165
2014-15,NORTHERN,HBV - Dose 2,1224,1487,0.823,80.3-84.2,2014,0.127,12.7,False,263
2014-15,NORTHERN,HPV - Dose 1,642,734,0.875,84.9-89.7,2014,0.07499999999999996,7.499999999999996,False,92
2014-15,NORTHERN,HPV - Dose 2,629,734,0.857,83.0-88.0,2014,0.09299999999999997,9.299999999999997,False,105
2014-15,NORTHERN,HPV - Dose 3,593,734,0.8079999999999999,77.8-83.5,2014,0.14200000000000002,14.200000000000001,False,141
2014-15,EASTERN,TDAP,1513,1638,0.924,91.0-93.6,2014,0.025999999999999912,2.599999999999991,False,125
2014-15,EASTERN,MEN-C-C,1500,1638,0.9159999999999999,90.1-92.8,2014,0.03400000000000003,3.400000000000003,False,138
2014-15,EASTERN,HBV - Dose 1,1411,1638,0.861,84.4-87.7,2014,0.08899999999999997,8.899999999999997,False,227
2014-15,EASTERN,HBV - Dose 2,1269,1638,0.775,75.4-79.4,2014,0.17499999999999993,17.499999999999993,False,369
2014-15,EASTERN,HPV - Dose 1,726,831,0.8740000000000001,84.9-89-5,2014,0.07599999999999985,7.5999999999999845,False,105
2014-15,EASTERN,HPV - Dose 2,707,831,0.851,82.5-87.3,2014,0.09899999999999998,9.899999999999999,False,124
2014-15,EASTERN,HPV - Dose 3,656,831,0.789,76.0-81.6,2014,0.16099999999999992,16.09999999999999,False,175
2014-15,CENTRAL,TDAP,3735,3998,0.934,92.6-94.1,2014,0.015999999999999903,1.5999999999999903,False,263
2014-15,CENTRAL,MEN-C-C,3789,3998,0.948,94.0-95.4,2014,0.0020000000000000018,0.20000000000000018,False,209
2014-15,CENTRAL,HBV - Dose 1,3448,3998,0.862,85.1-87.3,2014,0.08799999999999997,8.799999999999997,False,550
2014-15,CENTRAL,HBV - Dose 2,2768,3998,0.6920000000000001,67.8-70.6,2014,0.2579999999999999,25.79999999999999,False,1230
2014-15,CENTRAL,HPV - Dose 1,1771,1957,0.905,89.1-91.7,2014,0.04499999999999993,4.499999999999993,False,186
2014-15,CENTRAL,HPV - Dose 2,1628,1957,0.8320000000000001,81.5-84.8,2014,0.11799999999999988,11.799999999999988,False,329
2014-15,CENTRAL,HPV - Dose 3,1410,1957,0.72,70.0-74.0,2014,0.22999999999999998,23.0,False,547
2014-15,NOVA SCOTIA,TDAP,8417,8989,0.9359999999999999,93.1-94.1,2014,0.014000000000000012,1.4000000000000012,False,572
2014-15,NOVA SCOTIA,MEN-C-C,8445,8989,0.9390000000000001,93.4-94.4,2014,0.010999999999999899,1.0999999999999899,False,544
2014-15,NOVA SCOTIA,HBV - Dose 1,7802,8989,0.868,86.1-87.5,2014,0.08199999999999996,8.199999999999996,False,1187
2014-15,NOVA SCOTIA,HBV - Dose 2,6724,8989,0.748,73.9-75.7,2014,0.20199999999999996,20.199999999999996,False,2265
2014-15,NOVA SCOTIA,HPV - Dose 1,3877,4413,0.879,86.9-88.8,2014,0.07099999999999995,7.099999999999995,False,536
2014-15,NOVA SCOTIA,HPV - Dose 2,3671,4413,0.8320000000000001,82.1-84.3,2014,0.11799999999999988,11.799999999999988,False,742
2014-15,NOVA SCOTIA,HPV - Dose 3,3336,4413,0.7559999999999999,74.3-76.8,2014,0.19400000000000006,19.400000000000006,False,1077
2013-14,WESTERN,TDAP,1836,1930,0.951,94.1-96.0,2013,-0.0010000000000000009,-0.10000000000000009,True,94
2013-14,WESTERN,MEN-C-C,1813,1930,0.9390000000000001,92.8-94.9,2013,0.010999999999999899,1.0999999999999899,False,117
2013-14,WESTERN,HBV - Dose 1,1687,1930,0.8740000000000001,85.9-88.8,2013,0.07599999999999985,7.5999999999999845,False,243
2013-14,WESTERN,HBV - Dose 2,1544,1930,0.8,78.2-81.7,2013,0.1499999999999999,14.999999999999991,False,386
2013-14,WESTERN,HPV - Dose 1,799,923,0.866,84.2-88.6,2013,0.08399999999999996,8.399999999999997,False,124
2013-14,WESTERN,HPV - Dose 2,756,923,0.8190000000000001,79.2-84.3,2013,0.1309999999999999,13.099999999999989,False,167
2013-14,WESTERN,HPV - Dose 3,706,923,0.765,73.6-79.1,2013,0.18499999999999994,18.499999999999993,False,217
2013-14,NORTHERN,TDAP,1502,1581,0.95,93.8-96.0,2013,0.0,0.0,True,79
2013-14,NORTHERN,MEN-C-C,1530,1581,0.968,95.8-97.5,2013,-0.018000000000000016,-1.8000000000000016,True,51
2013-14,NORTHERN,HBV - Dose 1,1416,1581,0.8959999999999999,88.0-91.0,2013,0.05400000000000005,5.400000000000005,False,165
2013-14,NORTHERN,HBV - Dose 2,1310,1581,0.8290000000000001,80.9-84.6,2013,0.12099999999999989,12.099999999999989,False,271
2013-14,NORTHERN,HPV - Dose 1,729,782,0.932,91.2-94.8,2013,0.017999999999999905,1.7999999999999905,False,53
2013-14,NORTHERN,HPV - Dose 2,693,782,0.8859999999999999,86.2-90.7,2013,0.06400000000000006,6.400000000000006,False,89
2013-14,NORTHERN,HPV - Dose 3,652,782,0.8340000000000001,80.6-85.8,2013,0.11599999999999988,11.599999999999987,False,130
2013-14,EASTERN,TDAP,1464,1642,0.892,87.6-90.6,2013,0.05799999999999994,5.799999999999994,False,178
2013-14,EASTERN,MEN-C-C,1490,1642,0.907,89.2-92.1,2013,0.04299999999999993,4.299999999999993,False,152
2013-14,EASTERN,HBV - Dose 1,1418,1642,0.8640000000000001,84.6-87.9,2013,0.08599999999999985,8.599999999999985,False,224
2013-14,EASTERN,HBV - Dose 2,1292,1642,0.787,76.6-80.6,2013,0.16299999999999992,16.299999999999994,False,350
2013-14,EASTERN,HPV - Dose 1,698,802,0.87,84.5-89.2,2013,0.07999999999999996,7.9999999999999964,False,104
2013-14,EASTERN,HPV - Dose 2,671,802,0.8370000000000001,80.9-86.1,2013,0.11299999999999988,11.299999999999988,False,131
2013-14,EASTERN,HPV - Dose 3,618,802,0.7709999999999999,74.0-79.8,2013,0.17900000000000005,17.900000000000006,False,184
2013-14,CENTRAL,TDAP,3847,4112,0.9359999999999999,92.8-94.3,2013,0.014000000000000012,1.4000000000000012,False,265
2013-14,CENTRAL,MEN-C-C,3846,4112,0.935,92.7-94.2,2013,0.014999999999999902,1.4999999999999902,False,266
2013-14,CENTRAL,HBV - Dose 1,3302,4112,0.8029999999999999,79.1-81.5,2013,0.14700000000000002,14.700000000000003,False,810
2013-14,CENTRAL,HBV - Dose 2,2822,4112,0.6859999999999999,67.2-70.0,2013,0.264,26.400000000000002,False,1290
2013-14,CENTRAL,HPV - Dose 1,1780,2004,0.888,87.4-90.1,2013,0.061999999999999944,6.199999999999994,False,224
2013-14,CENTRAL,HPV - Dose 2,1693,2004,0.845,82.8-86.0,2013,0.10499999999999998,10.499999999999998,False,311
2013-14,CENTRAL,HPV - Dose 3,1409,2004,0.703,68.3-72.3,2013,0.247,24.7,False,595
2013-14,NOVA SCOTIA,TDAP,8649,9265,0.934,92.8-93.8,2013,0.015999999999999903,1.5999999999999903,False,616
2013-14,NOVA SCOTIA,MEN-C-C,8679,9265,0.937,93.2-94.2,2013,0.0129999999999999,1.29999999999999,False,586
2013-14,NOVA SCOTIA,HBV - Dose 1,7823,9265,0.8440000000000001,83.7-85.2,2013,0.10599999999999987,10.599999999999987,False,1442
2013-14,NOVA SCOTIA,HBV - Dose 2,6968,9265,0.752,74.3-76.1,2013,0.19799999999999995,19.799999999999997,False,2297
2013-14,NOVA SCOTIA,HPV - Dose 1,4006,4511,0.888,87.9-89.7,2013,0.061999999999999944,6.199999999999994,False,505
2013-14,NOVA SCOTIA,HPV - Dose 2,3813,4511,0.845,83.4-85.6,2013,0.10499999999999998,10.499999999999998,False,698
2013-14,NOVA SCOTIA,HPV - Dose 3,3385,4511,0.75,73.8-76.3,2013,0.19999999999999996,19.999999999999996,False,1126
2012-13,WESTERN,TDAP,1866,1978,0.943,93.2-95.3,2012,0.007000000000000006,0.7000000000000006,False,112
2012-13,WESTERN,MEN-C-C,1833,1978,0.927,91.4-93.7,2012,0.02299999999999991,2.299999999999991,False,145
2012-13,WESTERN,HBV - Dose 1,1764,1978,0.892,87.7-90.5,2012,0.05799999999999994,5.799999999999994,False,214
2012-13,WESTERN,HBV - Dose 2,1651,1978,0.835,81.8-85.0,2012,0.11499999999999999,11.5,False,327
2012-13,WESTERN,HPV - Dose 1,835,988,0.845,82.1-86.6,2012,0.10499999999999998,10.499999999999998,False,153
2012-13,WESTERN,HPV - Dose 2,807,988,0.8170000000000001,79.1-84.0,2012,0.1329999999999999,13.29999999999999,False,181
2012-13,WESTERN,HPV - Dose 3,778,988,0.787,76.1-81.2,2012,0.16299999999999992,16.299999999999994,False,210
2012-13,NORTHERN,TDAP,1520,1631,0.932,91.9-94.3,2012,0.017999999999999905,1.7999999999999905,False,111
2012-13,NORTHERN,MEN-C-C,1517,1631,0.93,91.7-94.1,2012,0.019999999999999907,1.9999999999999907,False,114
2012-13,NORTHERN,HBV - Dose 1,1497,1631,0.9179999999999999,90.4-93.0,2012,0.03200000000000003,3.200000000000003,False,134
2012-13,NORTHERN,HBV - Dose 2,1403,1631,0.86,84.3-87.6,2012,0.08999999999999997,8.999999999999996,False,228
2012-13,NORTHERN,HPV - Dose 1,709,797,0.89,86.6-91.0,2012,0.05999999999999994,5.999999999999995,False,88
2012-13,NORTHERN,HPV - Dose 2,695,797,0.872,84.7-89.3,2012,0.07799999999999996,7.799999999999995,False,102
2012-13,NORTHERN,HPV - Dose 3,666,797,0.836,80.8-86.0,2012,0.11399999999999999,11.399999999999999,False,131
2012-13,EASTERN,TDAP,1548,1763,0.878,86.2-89.3,2012,0.07199999999999995,7.199999999999996,False,215
2012-13,EASTERN,MEN-C-C,1545,1763,0.8759999999999999,86.0-89.1,2012,0.07400000000000007,7.400000000000007,False,218
2012-13,EASTERN,HBV - Dose 1,1484,1763,0.8420000000000001,82.4-85.8,2012,0.10799999999999987,10.799999999999986,False,279
2012-13,EASTERN,HBV - Dose 2,1382,1763,0.784,76.4-80.2,2012,0.16599999999999993,16.599999999999994,False,381
2012-13,EASTERN,HPV - Dose 1,703,867,0.8109999999999999,78.3-83.6,2012,0.139,13.900000000000002,False,164
2012-13,EASTERN,HPV - Dose 2,686,867,0.7909999999999999,76.3-81.7,2012,0.15900000000000003,15.900000000000002,False,181
2012-13,EASTERN,HPV - Dose 3,645,867,0.7440000000000001,71.4-77.2,2012,0.20599999999999985,20.599999999999984,False,222
2012-13,CENTRAL,TDAP,3837,4173,0.919,91.1-92.7,2012,0.030999999999999917,3.0999999999999917,False,336
2012-13,CENTRAL,MEN-C-C,3788,4173,0.9079999999999999,89.9-91.6,2012,0.04200000000000004,4.200000000000004,False,385
2012-13,CENTRAL,HBV - Dose 1,3527,4173,0.845,83.4-85.6,2012,0.10499999999999998,10.499999999999998,False,646
2012-13,CENTRAL,HBV - Dose 2,3111,4173,0.746,73.2-75.8,2012,0.20399999999999996,20.399999999999995,False,1062
2012-13,CENTRAL,HPV - Dose 1,1799,2033,0.885,87.0-89.8,2012,0.06499999999999995,6.499999999999995,False,234
2012-13,CENTRAL,HPV - Dose 2,1737,2033,0.8540000000000001,83.8-86.9,2012,0.09599999999999986,9.599999999999987,False,296
2012-13,CENTRAL,HPV - Dose 3,1529,2033,0.752,73.3-77.0,2012,0.19799999999999995,19.799999999999997,False,504
2012-13,NOVA SCOTIA,TDAP,8771,9545,0.919,91.3-92.4,2012,0.030999999999999917,3.0999999999999917,False,774
2012-13,NOVA SCOTIA,MEN-C-C,8683,9545,0.91,90.3-91.5,2012,0.039999999999999925,3.9999999999999925,False,862
2012-13,NOVA SCOTIA,HBV - Dose 1,8272,9545,0.867,86.0-87.3,2012,0.08299999999999996,8.299999999999997,False,1273
2012-13,NOVA SCOTIA,HBV - Dose 2,7547,9545,0.7909999999999999,78.2-79.9,2012,0.15900000000000003,15.900000000000002,False,1998
2012-13,NOVA SCOTIA,HPV - Dose 1,4046,4685,0.8640000000000001,85.3-87.3,2012,0.08599999999999985,8.599999999999985,False,639
2012-13,NOVA SCOTIA,HPV - Dose 2,3925,4685,0.838,82.7-84.8,2012,0.11199999999999999,11.2,False,760
2012-13,NOVA SCOTIA,HPV - Dose 3,3618,4685,0.772,76.0-78.4,2012,0.17799999999999994,17.799999999999994,False,1067
2019-20,WESTERN,HBV,1324,1809,0.7318960751797,71.15-75.23,2019,0.21810392482029994,21.810392482029993,False,485
2019-20,NORTHERN,HBV,1270,1604,0.7917705735661,77.19-81.16,2019,0.15822942643389992,15.822942643389993,False,334
2019-20,EASTERN,HBV,1261,1546,0.8156532988357,79.63-83.5,2019,0.13434670116429992,13.434670116429992,False,285
2019-20,CENTRAL,HBV,3316,4238,0.7824445493157001,77.0-79.49,2019,0.1675554506842999,16.75554506842999,False,922
2019-20,NOVA SCOTIA,HBV,7171,9197,0.7797107752528,77.12-78.82,2019,0.17028922474719999,17.028922474719998,False,2026
2019-20,WESTERN,HPV,1380,1809,0.7628524046434001,74.33-78.25,2019,0.18714759535659986,18.714759535659987,False,429
2019-20,NORTHERN,HPV,1287,1604,0.8023690773066999,78.29-82.19,2019,0.14763092269330003,14.763092269330002,False,317
2019-20,EASTERN,HPV,1241,1546,0.8027166882276999,78.29-82.26,2019,0.14728331177230003,14.728331177230004,False,305
2019-20,CENTRAL,HPV,3378,4238,0.7970740915526,78.5-80.92,2019,0.15292590844739995,15.292590844739994,False,860
2019-20,NOVA SCOTIA,HPV,7286,9197,0.7922148526693,78.39-80.05,2019,0.15778514733069993,15.778514733069994,False,1911
2019-20,WESTERN,MEN-C-ACYW-135,1588,1809,0.8778330569374999,86.27-89.29,2019,0.07216694306250004,7.216694306250004,False,221
2019-20,NORTHERN,MEN-C-ACYW-135,1442,1604,0.8990024937655999,88.43-91.37,2019,0.050997506234400025,5.099750623440002,False,162
2019-20,EASTERN,MEN-C-ACYW-135,1371,1546,0.8868046571798,87.1-90.26,2019,0.0631953428202,6.319534282020001,False,175
2019-20,CENTRAL,MEN-C-ACYW-135,3779,4238,0.8916941953752,88.23-90.1,2019,0.05830580462479995,5.830580462479995,False,459
2019-20,NOVA SCOTIA,MEN-C-ACYW-135,8180,9197,0.8894204631945,88.3-89.58,2019,0.06057953680549999,6.057953680549999,False,1017
2019-20,WESTERN,TDAP,1437,1809,0.7943615257048,77.57-81.3,2019,0.15563847429519995,15.563847429519996,False,372
2019-20,NORTHERN,TDAP,1345,1604,0.8385286783042,82.05-85.65,2019,0.11147132169579999,11.147132169579999,False,259
2019-20,EASTERN,TDAP,1296,1546,0.8382923673997,81.99-85.66,2019,0.11170763260029992,11.170763260029993,False,250
2019-20,CENTRAL,TDAP,3506,4238,0.8272770174611,81.59-83.87,2019,0.1227229825388999,12.272298253889991,False,732
2019-20,NOVA SCOTIA,TDAP,7584,9197,0.8246167228444,81.68-83.24,2019,0.12538327715559994,12.538327715559994,False,1613
2020-21,WESTERN,HBV,1309,1848,0.7083333333333001,68.76-72.91,2020,0.2416666666666999,24.16666666666999,False,539
2020-21,NORTHERN,HBV,1172,1522,0.7700394218133999,74.89-79.12,2020,0.17996057818660005,17.996057818660006,False,350
2020-21,EASTERN,HBV,1092,1529,0.7141922825375999,69.15-73.68,2020,0.23580771746240003,23.580771746240003,False,437
2020-21,CENTRAL,HBV,3341,4634,0.7209753992231,70.81-73.39,2020,0.2290246007768999,22.90246007768999,False,1293
2020-21,NOVA SCOTIA,HBV,6914,9533,0.7252701143397,71.63-73.42,2020,0.22472988566029994,22.472988566029994,False,2619
2020-21,WESTERN,HPV,1336,1848,0.7229437229437,70.25-74.33,2020,0.22705627705629994,22.705627705629993,False,512
2020-21,NORTHERN,HPV,1173,1522,0.7706964520367999,74.96-79.18,2020,0.17930354796320003,17.930354796320003,False,349
2020-21,EASTERN,HPV,1088,1529,0.7115761935906001,68.89-73.43,2020,0.23842380640939986,23.842380640939986,False,441
2020-21,CENTRAL,HPV,3375,4634,0.7283124730255,71.55-74.11,2020,0.2216875269745,22.16875269745,False,1259
2020-21,NOVA SCOTIA,HPV,6972,9533,0.7313542431554001,72.25-74.03,2020,0.21864575684459986,21.864575684459986,False,2561
2020-21,WESTERN,MEN-C-ACYW-135,1600,1848,0.8658008658009,85.03-88.13,2020,0.08419913419909997,8.419913419909996,False,248
2020-21,NORTHERN,MEN-C-ACYW-135,1327,1522,0.8718791064389001,85.51-88.87,2020,0.07812089356109986,7.812089356109986,False,195
2020-21,EASTERN,MEN-C-ACYW-135,1302,1529,0.8515369522564,83.37-86.94,2020,0.09846304774359993,9.846304774359993,False,227
2020-21,CENTRAL,MEN-C-ACYW-135,4076,4634,0.8795856711265,87.02-88.9,2020,0.07041432887349997,7.0414328873499965,False,558
2020-21,NOVA SCOTIA,MEN-C-ACYW-135,8305,9533,0.8711843071436001,86.45-87.79,2020,0.07881569285639989,7.881569285639989,False,1228
2020-21,WESTERN,TDAP,1450,1848,0.784632034632,76.59-80.34,2020,0.16536796536799991,16.53679653679999,False,398
2020-21,NORTHERN,TDAP,1254,1522,0.8239159001314,80.48-84.31,2020,0.12608409986859992,12.608409986859993,False,268
2020-21,EASTERN,TDAP,1123,1529,0.7344669718769999,71.23-75.66,2020,0.21553302812300001,21.5533028123,False,406
2020-21,CENTRAL,TDAP,3708,4634,0.8001726370305999,78.87-81.17,2020,0.14982736296940002,14.982736296940002,False,926
2020-21,NOVA SCOTIA,TDAP,7535,9533,0.7904122521765999,78.22-79.86,2020,0.15958774782340002,15.95877478234,False,1998
2021-22,WESTERN,HBV,1371,1788,0.7668,74.66-78.58,2021,0.18319999999999992,18.319999999999993,False,417
2021-22,NORTHERN,HBV,1274,1603,0.7948000000000001,77.43-81.38,2021,0.1551999999999999,15.519999999999989,False,329
2021-22,EASTERN,HBV,1104,1504,0.7340000000000001,71.11-75.58,2021,0.21599999999999986,21.599999999999987,False,400
2021-22,CENTRAL,HBV,3688,4448,0.8291,81.78-83.99,2021,0.12090000000000001,12.09,False,760
2021-22,NOVA SCOTIA,HBV,7437,9343,0.7959999999999999,78.77-80.4,2021,0.15400000000000003,15.400000000000002,False,1906
2021-22,WESTERN,HPV,1410,1788,0.7886,76.91-80.69,2021,0.1614,16.14,False,378
2021-22,NORTHERN,HPV,1293,1603,0.8066,78.66-82.52,2021,0.14339999999999997,14.339999999999996,False,310
2021-22,EASTERN,HPV,1127,1504,0.7493000000000001,72.68-77.06,2021,0.20069999999999988,20.069999999999986,False,377
2021-22,CENTRAL,HPV,3781,4448,0.85,83.93-86.02,2021,0.09999999999999998,9.999999999999998,False,667
2021-22,NOVA SCOTIA,HPV,7611,9343,0.8146,80.66-82.24,2021,0.13539999999999996,13.539999999999996,False,1732
2021-22,WESTERN,MEN-C-ACYW-135,1542,1788,0.8623999999999999,84.57-87.76,2021,0.08760000000000001,8.760000000000002,False,246
2021-22,NORTHERN,MEN-C-ACYW-135,1425,1603,0.889,87.26-90.34,2021,0.06099999999999994,6.099999999999994,False,178
2021-22,EASTERN,MEN-C-ACYW-135,1269,1504,0.8438,82.45-86.12,2021,0.10619999999999996,10.619999999999996,False,235
2021-22,CENTRAL,MEN-C-ACYW-135,4135,4448,0.9296,92.17-93.68,2021,0.020399999999999974,2.0399999999999974,False,313
2021-22,NOVA SCOTIA,MEN-C-ACYW-135,8371,9343,0.8959999999999999,88.98-90.2,2021,0.05400000000000005,5.400000000000005,False,972
2021-22,WESTERN,TDAP,1478,1788,0.8266,80.84-84.35,2021,0.12339999999999995,12.339999999999996,False,310
2021-22,NORTHERN,TDAP,1355,1603,0.8453,82.67-86.22,2021,0.1046999999999999,10.46999999999999,False,248
2021-22,EASTERN,TDAP,1148,1504,0.7633,74.12-78.41,2021,0.18669999999999998,18.669999999999998,False,356
2021-22,CENTRAL,TDAP,3956,4448,0.8894,87.98-89.83,2021,0.06059999999999999,6.059999999999999,False,492
2021-22,NOVA SCOTIA,TDAP,7937,9343,0.8495,84.21-85.66,2021,0.10049999999999992,10.049999999999992,False,1406
